:START_ID,:END_ID,:TYPE
1 Chronicles,1 Chronicles.1,CONTAINS
1 Chronicles,1 Chronicles.2,CONTAINS
1 Chronicles,1 Chronicles.3,CONTAINS
1 Chronicles,1 Chronicles.4,CONTAINS
1 Chronicles,1 Chronicles.5,CONTAINS
1 Chronicles,1 Chronicles.6,CONTAINS
1 Chronicles,1 Chronicles.7,CONTAINS
1 Chronicles,1 Chronicles.8,CONTAINS
1 Chronicles,1 Chronicles.9,CONTAINS
1 Chronicles,1 Chronicles.10,CONTAINS
1 Chronicles,1 Chronicles.11,CONTAINS
1 Chronicles,1 Chronicles.12,CONTAINS
1 Chronicles,1 Chronicles.13,CONTAINS
1 Chronicles,1 Chronicles.14,CONTAINS
1 Chronicles,1 Chronicles.15,CONTAINS
1 Chronicles,1 Chronicles.16,CONTAINS
1 Chronicles,1 Chronicles.17,CONTAINS
1 Chronicles,1 Chronicles.18,CONTAINS
1 Chronicles,1 Chronicles.19,CONTAINS
1 Chronicles,1 Chronicles.20,CONTAINS
1 Chronicles,1 Chronicles.21,CONTAINS
1 Chronicles,1 Chronicles.22,CONTAINS
1 Chronicles,1 Chronicles.23,CONTAINS
1 Chronicles,1 Chronicles.24,CONTAINS
1 Chronicles,1 Chronicles.25,CONTAINS
1 Chronicles,1 Chronicles.26,CONTAINS
1 Chronicles,1 Chronicles.27,CONTAINS
1 Chronicles,1 Chronicles.28,CONTAINS
1 Chronicles,1 Chronicles.29,CONTAINS
1 Corinthians,1 Corinthians.1,CONTAINS
1 Corinthians,1 Corinthians.2,CONTAINS
1 Corinthians,1 Corinthians.3,CONTAINS
1 Corinthians,1 Corinthians.4,CONTAINS
1 Corinthians,1 Corinthians.5,CONTAINS
1 Corinthians,1 Corinthians.6,CONTAINS
1 Corinthians,1 Corinthians.7,CONTAINS
1 Corinthians,1 Corinthians.8,CONTAINS
1 Corinthians,1 Corinthians.9,CONTAINS
1 Corinthians,1 Corinthians.10,CONTAINS
1 Corinthians,1 Corinthians.11,CONTAINS
1 Corinthians,1 Corinthians.12,CONTAINS
1 Corinthians,1 Corinthians.13,CONTAINS
1 Corinthians,1 Corinthians.14,CONTAINS
1 Corinthians,1 Corinthians.15,CONTAINS
1 Corinthians,1 Corinthians.16,CONTAINS
1 John,1 John.1,CONTAINS
1 John,1 John.2,CONTAINS
1 John,1 John.3,CONTAINS
1 John,1 John.4,CONTAINS
1 John,1 John.5,CONTAINS
1 Kings,1 Kings.1,CONTAINS
1 Kings,1 Kings.2,CONTAINS
1 Kings,1 Kings.3,CONTAINS
1 Kings,1 Kings.4,CONTAINS
1 Kings,1 Kings.5,CONTAINS
1 Kings,1 Kings.6,CONTAINS
1 Kings,1 Kings.7,CONTAINS
1 Kings,1 Kings.8,CONTAINS
1 Kings,1 Kings.9,CONTAINS
1 Kings,1 Kings.10,CONTAINS
1 Kings,1 Kings.11,CONTAINS
1 Kings,1 Kings.12,CONTAINS
1 Kings,1 Kings.13,CONTAINS
1 Kings,1 Kings.14,CONTAINS
1 Kings,1 Kings.15,CONTAINS
1 Kings,1 Kings.16,CONTAINS
1 Kings,1 Kings.17,CONTAINS
1 Kings,1 Kings.18,CONTAINS
1 Kings,1 Kings.19,CONTAINS
1 Kings,1 Kings.20,CONTAINS
1 Kings,1 Kings.21,CONTAINS
1 Kings,1 Kings.22,CONTAINS
1 Peter,1 Peter.1,CONTAINS
1 Peter,1 Peter.2,CONTAINS
1 Peter,1 Peter.3,CONTAINS
1 Peter,1 Peter.4,CONTAINS
1 Peter,1 Peter.5,CONTAINS
1 Samuel,1 Samuel.1,CONTAINS
1 Samuel,1 Samuel.2,CONTAINS
1 Samuel,1 Samuel.3,CONTAINS
1 Samuel,1 Samuel.4,CONTAINS
1 Samuel,1 Samuel.5,CONTAINS
1 Samuel,1 Samuel.6,CONTAINS
1 Samuel,1 Samuel.7,CONTAINS
1 Samuel,1 Samuel.8,CONTAINS
1 Samuel,1 Samuel.9,CONTAINS
1 Samuel,1 Samuel.10,CONTAINS
1 Samuel,1 Samuel.11,CONTAINS
1 Samuel,1 Samuel.12,CONTAINS
1 Samuel,1 Samuel.13,CONTAINS
1 Samuel,1 Samuel.14,CONTAINS
1 Samuel,1 Samuel.15,CONTAINS
1 Samuel,1 Samuel.16,CONTAINS
1 Samuel,1 Samuel.17,CONTAINS
1 Samuel,1 Samuel.18,CONTAINS
1 Samuel,1 Samuel.19,CONTAINS
1 Samuel,1 Samuel.20,CONTAINS
1 Samuel,1 Samuel.21,CONTAINS
1 Samuel,1 Samuel.22,CONTAINS
1 Samuel,1 Samuel.23,CONTAINS
1 Samuel,1 Samuel.24,CONTAINS
1 Samuel,1 Samuel.25,CONTAINS
1 Samuel,1 Samuel.26,CONTAINS
1 Samuel,1 Samuel.27,CONTAINS
1 Samuel,1 Samuel.28,CONTAINS
1 Samuel,1 Samuel.29,CONTAINS
1 Samuel,1 Samuel.30,CONTAINS
1 Samuel,1 Samuel.31,CONTAINS
1 Thessalonians,1 Thessalonians.1,CONTAINS
1 Thessalonians,1 Thessalonians.2,CONTAINS
1 Thessalonians,1 Thessalonians.3,CONTAINS
1 Thessalonians,1 Thessalonians.4,CONTAINS
1 Thessalonians,1 Thessalonians.5,CONTAINS
1 Timothy,1 Timothy.1,CONTAINS
1 Timothy,1 Timothy.2,CONTAINS
1 Timothy,1 Timothy.3,CONTAINS
1 Timothy,1 Timothy.4,CONTAINS
1 Timothy,1 Timothy.5,CONTAINS
1 Timothy,1 Timothy.6,CONTAINS
2 Chronicles,2 Chronicles.1,CONTAINS
2 Chronicles,2 Chronicles.2,CONTAINS
2 Chronicles,2 Chronicles.3,CONTAINS
2 Chronicles,2 Chronicles.4,CONTAINS
2 Chronicles,2 Chronicles.5,CONTAINS
2 Chronicles,2 Chronicles.6,CONTAINS
2 Chronicles,2 Chronicles.7,CONTAINS
2 Chronicles,2 Chronicles.8,CONTAINS
2 Chronicles,2 Chronicles.9,CONTAINS
2 Chronicles,2 Chronicles.10,CONTAINS
2 Chronicles,2 Chronicles.11,CONTAINS
2 Chronicles,2 Chronicles.12,CONTAINS
2 Chronicles,2 Chronicles.13,CONTAINS
2 Chronicles,2 Chronicles.14,CONTAINS
2 Chronicles,2 Chronicles.15,CONTAINS
2 Chronicles,2 Chronicles.16,CONTAINS
2 Chronicles,2 Chronicles.17,CONTAINS
2 Chronicles,2 Chronicles.18,CONTAINS
2 Chronicles,2 Chronicles.19,CONTAINS
2 Chronicles,2 Chronicles.20,CONTAINS
2 Chronicles,2 Chronicles.21,CONTAINS
2 Chronicles,2 Chronicles.22,CONTAINS
2 Chronicles,2 Chronicles.23,CONTAINS
2 Chronicles,2 Chronicles.24,CONTAINS
2 Chronicles,2 Chronicles.25,CONTAINS
2 Chronicles,2 Chronicles.26,CONTAINS
2 Chronicles,2 Chronicles.27,CONTAINS
2 Chronicles,2 Chronicles.28,CONTAINS
2 Chronicles,2 Chronicles.29,CONTAINS
2 Chronicles,2 Chronicles.30,CONTAINS
2 Chronicles,2 Chronicles.31,CONTAINS
2 Chronicles,2 Chronicles.32,CONTAINS
2 Chronicles,2 Chronicles.33,CONTAINS
2 Chronicles,2 Chronicles.34,CONTAINS
2 Chronicles,2 Chronicles.35,CONTAINS
2 Chronicles,2 Chronicles.36,CONTAINS
2 Corinthians,2 Corinthians.1,CONTAINS
2 Corinthians,2 Corinthians.2,CONTAINS
2 Corinthians,2 Corinthians.3,CONTAINS
2 Corinthians,2 Corinthians.4,CONTAINS
2 Corinthians,2 Corinthians.5,CONTAINS
2 Corinthians,2 Corinthians.6,CONTAINS
2 Corinthians,2 Corinthians.7,CONTAINS
2 Corinthians,2 Corinthians.8,CONTAINS
2 Corinthians,2 Corinthians.9,CONTAINS
2 Corinthians,2 Corinthians.10,CONTAINS
2 Corinthians,2 Corinthians.11,CONTAINS
2 Corinthians,2 Corinthians.12,CONTAINS
2 Corinthians,2 Corinthians.13,CONTAINS
2 John,2 John.1,CONTAINS
2 Kings,2 Kings.1,CONTAINS
2 Kings,2 Kings.2,CONTAINS
2 Kings,2 Kings.3,CONTAINS
2 Kings,2 Kings.4,CONTAINS
2 Kings,2 Kings.5,CONTAINS
2 Kings,2 Kings.6,CONTAINS
2 Kings,2 Kings.7,CONTAINS
2 Kings,2 Kings.8,CONTAINS
2 Kings,2 Kings.9,CONTAINS
2 Kings,2 Kings.10,CONTAINS
2 Kings,2 Kings.11,CONTAINS
2 Kings,2 Kings.12,CONTAINS
2 Kings,2 Kings.13,CONTAINS
2 Kings,2 Kings.14,CONTAINS
2 Kings,2 Kings.15,CONTAINS
2 Kings,2 Kings.16,CONTAINS
2 Kings,2 Kings.17,CONTAINS
2 Kings,2 Kings.18,CONTAINS
2 Kings,2 Kings.19,CONTAINS
2 Kings,2 Kings.20,CONTAINS
2 Kings,2 Kings.21,CONTAINS
2 Kings,2 Kings.22,CONTAINS
2 Kings,2 Kings.23,CONTAINS
2 Kings,2 Kings.24,CONTAINS
2 Kings,2 Kings.25,CONTAINS
2 Peter,2 Peter.1,CONTAINS
2 Peter,2 Peter.2,CONTAINS
2 Peter,2 Peter.3,CONTAINS
2 Samuel,2 Samuel.1,CONTAINS
2 Samuel,2 Samuel.2,CONTAINS
2 Samuel,2 Samuel.3,CONTAINS
2 Samuel,2 Samuel.4,CONTAINS
2 Samuel,2 Samuel.5,CONTAINS
2 Samuel,2 Samuel.6,CONTAINS
2 Samuel,2 Samuel.7,CONTAINS
2 Samuel,2 Samuel.8,CONTAINS
2 Samuel,2 Samuel.9,CONTAINS
2 Samuel,2 Samuel.10,CONTAINS
2 Samuel,2 Samuel.11,CONTAINS
2 Samuel,2 Samuel.12,CONTAINS
2 Samuel,2 Samuel.13,CONTAINS
2 Samuel,2 Samuel.14,CONTAINS
2 Samuel,2 Samuel.15,CONTAINS
2 Samuel,2 Samuel.16,CONTAINS
2 Samuel,2 Samuel.17,CONTAINS
2 Samuel,2 Samuel.18,CONTAINS
2 Samuel,2 Samuel.19,CONTAINS
2 Samuel,2 Samuel.20,CONTAINS
2 Samuel,2 Samuel.21,CONTAINS
2 Samuel,2 Samuel.22,CONTAINS
2 Samuel,2 Samuel.23,CONTAINS
2 Samuel,2 Samuel.24,CONTAINS
2 Thessalonians,2 Thessalonians.1,CONTAINS
2 Thessalonians,2 Thessalonians.2,CONTAINS
2 Thessalonians,2 Thessalonians.3,CONTAINS
2 Timothy,2 Timothy.1,CONTAINS
2 Timothy,2 Timothy.2,CONTAINS
2 Timothy,2 Timothy.3,CONTAINS
2 Timothy,2 Timothy.4,CONTAINS
3 John,3 John.1,CONTAINS
Acts,Acts.1,CONTAINS
Acts,Acts.2,CONTAINS
Acts,Acts.3,CONTAINS
Acts,Acts.4,CONTAINS
Acts,Acts.5,CONTAINS
Acts,Acts.6,CONTAINS
Acts,Acts.7,CONTAINS
Acts,Acts.8,CONTAINS
Acts,Acts.9,CONTAINS
Acts,Acts.10,CONTAINS
Acts,Acts.11,CONTAINS
Acts,Acts.12,CONTAINS
Acts,Acts.13,CONTAINS
Acts,Acts.14,CONTAINS
Acts,Acts.15,CONTAINS
Acts,Acts.16,CONTAINS
Acts,Acts.17,CONTAINS
Acts,Acts.18,CONTAINS
Acts,Acts.19,CONTAINS
Acts,Acts.20,CONTAINS
Acts,Acts.21,CONTAINS
Acts,Acts.22,CONTAINS
Acts,Acts.23,CONTAINS
Acts,Acts.24,CONTAINS
Acts,Acts.25,CONTAINS
Acts,Acts.26,CONTAINS
Acts,Acts.27,CONTAINS
Acts,Acts.28,CONTAINS
Amos,Amos.1,CONTAINS
Amos,Amos.2,CONTAINS
Amos,Amos.3,CONTAINS
Amos,Amos.4,CONTAINS
Amos,Amos.5,CONTAINS
Amos,Amos.6,CONTAINS
Amos,Amos.7,CONTAINS
Amos,Amos.8,CONTAINS
Amos,Amos.9,CONTAINS
Colossians,Colossians.1,CONTAINS
Colossians,Colossians.2,CONTAINS
Colossians,Colossians.3,CONTAINS
Colossians,Colossians.4,CONTAINS
Daniel,Daniel.1,CONTAINS
Daniel,Daniel.2,CONTAINS
Daniel,Daniel.3,CONTAINS
Daniel,Daniel.4,CONTAINS
Daniel,Daniel.5,CONTAINS
Daniel,Daniel.6,CONTAINS
Daniel,Daniel.7,CONTAINS
Daniel,Daniel.8,CONTAINS
Daniel,Daniel.9,CONTAINS
Daniel,Daniel.10,CONTAINS
Daniel,Daniel.11,CONTAINS
Daniel,Daniel.12,CONTAINS
Deuteronomy,Deuteronomy.1,CONTAINS
Deuteronomy,Deuteronomy.2,CONTAINS
Deuteronomy,Deuteronomy.3,CONTAINS
Deuteronomy,Deuteronomy.4,CONTAINS
Deuteronomy,Deuteronomy.5,CONTAINS
Deuteronomy,Deuteronomy.6,CONTAINS
Deuteronomy,Deuteronomy.7,CONTAINS
Deuteronomy,Deuteronomy.8,CONTAINS
Deuteronomy,Deuteronomy.9,CONTAINS
Deuteronomy,Deuteronomy.10,CONTAINS
Deuteronomy,Deuteronomy.11,CONTAINS
Deuteronomy,Deuteronomy.12,CONTAINS
Deuteronomy,Deuteronomy.13,CONTAINS
Deuteronomy,Deuteronomy.14,CONTAINS
Deuteronomy,Deuteronomy.15,CONTAINS
Deuteronomy,Deuteronomy.16,CONTAINS
Deuteronomy,Deuteronomy.17,CONTAINS
Deuteronomy,Deuteronomy.18,CONTAINS
Deuteronomy,Deuteronomy.19,CONTAINS
Deuteronomy,Deuteronomy.20,CONTAINS
Deuteronomy,Deuteronomy.21,CONTAINS
Deuteronomy,Deuteronomy.22,CONTAINS
Deuteronomy,Deuteronomy.23,CONTAINS
Deuteronomy,Deuteronomy.24,CONTAINS
Deuteronomy,Deuteronomy.25,CONTAINS
Deuteronomy,Deuteronomy.26,CONTAINS
Deuteronomy,Deuteronomy.27,CONTAINS
Deuteronomy,Deuteronomy.28,CONTAINS
Deuteronomy,Deuteronomy.29,CONTAINS
Deuteronomy,Deuteronomy.30,CONTAINS
Deuteronomy,Deuteronomy.31,CONTAINS
Deuteronomy,Deuteronomy.32,CONTAINS
Deuteronomy,Deuteronomy.33,CONTAINS
Deuteronomy,Deuteronomy.34,CONTAINS
Ecclesiastes,Ecclesiastes.1,CONTAINS
Ecclesiastes,Ecclesiastes.2,CONTAINS
Ecclesiastes,Ecclesiastes.3,CONTAINS
Ecclesiastes,Ecclesiastes.4,CONTAINS
Ecclesiastes,Ecclesiastes.5,CONTAINS
Ecclesiastes,Ecclesiastes.6,CONTAINS
Ecclesiastes,Ecclesiastes.7,CONTAINS
Ecclesiastes,Ecclesiastes.8,CONTAINS
Ecclesiastes,Ecclesiastes.9,CONTAINS
Ecclesiastes,Ecclesiastes.10,CONTAINS
Ecclesiastes,Ecclesiastes.11,CONTAINS
Ecclesiastes,Ecclesiastes.12,CONTAINS
Ephesians,Ephesians.1,CONTAINS
Ephesians,Ephesians.2,CONTAINS
Ephesians,Ephesians.3,CONTAINS
Ephesians,Ephesians.4,CONTAINS
Ephesians,Ephesians.5,CONTAINS
Ephesians,Ephesians.6,CONTAINS
Esther,Esther.1,CONTAINS
Esther,Esther.2,CONTAINS
Esther,Esther.3,CONTAINS
Esther,Esther.4,CONTAINS
Esther,Esther.5,CONTAINS
Esther,Esther.6,CONTAINS
Esther,Esther.7,CONTAINS
Esther,Esther.8,CONTAINS
Esther,Esther.9,CONTAINS
Esther,Esther.10,CONTAINS
Exodus,Exodus.1,CONTAINS
Exodus,Exodus.2,CONTAINS
Exodus,Exodus.3,CONTAINS
Exodus,Exodus.4,CONTAINS
Exodus,Exodus.5,CONTAINS
Exodus,Exodus.6,CONTAINS
Exodus,Exodus.7,CONTAINS
Exodus,Exodus.8,CONTAINS
Exodus,Exodus.9,CONTAINS
Exodus,Exodus.10,CONTAINS
Exodus,Exodus.11,CONTAINS
Exodus,Exodus.12,CONTAINS
Exodus,Exodus.13,CONTAINS
Exodus,Exodus.14,CONTAINS
Exodus,Exodus.15,CONTAINS
Exodus,Exodus.16,CONTAINS
Exodus,Exodus.17,CONTAINS
Exodus,Exodus.18,CONTAINS
Exodus,Exodus.19,CONTAINS
Exodus,Exodus.20,CONTAINS
Exodus,Exodus.21,CONTAINS
Exodus,Exodus.22,CONTAINS
Exodus,Exodus.23,CONTAINS
Exodus,Exodus.24,CONTAINS
Exodus,Exodus.25,CONTAINS
Exodus,Exodus.26,CONTAINS
Exodus,Exodus.27,CONTAINS
Exodus,Exodus.28,CONTAINS
Exodus,Exodus.29,CONTAINS
Exodus,Exodus.30,CONTAINS
Exodus,Exodus.31,CONTAINS
Exodus,Exodus.32,CONTAINS
Exodus,Exodus.33,CONTAINS
Exodus,Exodus.34,CONTAINS
Exodus,Exodus.35,CONTAINS
Exodus,Exodus.36,CONTAINS
Exodus,Exodus.37,CONTAINS
Exodus,Exodus.38,CONTAINS
Exodus,Exodus.39,CONTAINS
Exodus,Exodus.40,CONTAINS
Ezekiel,Ezekiel.1,CONTAINS
Ezekiel,Ezekiel.2,CONTAINS
Ezekiel,Ezekiel.3,CONTAINS
Ezekiel,Ezekiel.4,CONTAINS
Ezekiel,Ezekiel.5,CONTAINS
Ezekiel,Ezekiel.6,CONTAINS
Ezekiel,Ezekiel.7,CONTAINS
Ezekiel,Ezekiel.8,CONTAINS
Ezekiel,Ezekiel.9,CONTAINS
Ezekiel,Ezekiel.10,CONTAINS
Ezekiel,Ezekiel.11,CONTAINS
Ezekiel,Ezekiel.12,CONTAINS
Ezekiel,Ezekiel.13,CONTAINS
Ezekiel,Ezekiel.14,CONTAINS
Ezekiel,Ezekiel.15,CONTAINS
Ezekiel,Ezekiel.16,CONTAINS
Ezekiel,Ezekiel.17,CONTAINS
Ezekiel,Ezekiel.18,CONTAINS
Ezekiel,Ezekiel.19,CONTAINS
Ezekiel,Ezekiel.20,CONTAINS
Ezekiel,Ezekiel.21,CONTAINS
Ezekiel,Ezekiel.22,CONTAINS
Ezekiel,Ezekiel.23,CONTAINS
Ezekiel,Ezekiel.24,CONTAINS
Ezekiel,Ezekiel.25,CONTAINS
Ezekiel,Ezekiel.26,CONTAINS
Ezekiel,Ezekiel.27,CONTAINS
Ezekiel,Ezekiel.28,CONTAINS
Ezekiel,Ezekiel.29,CONTAINS
Ezekiel,Ezekiel.30,CONTAINS
Ezekiel,Ezekiel.31,CONTAINS
Ezekiel,Ezekiel.32,CONTAINS
Ezekiel,Ezekiel.33,CONTAINS
Ezekiel,Ezekiel.34,CONTAINS
Ezekiel,Ezekiel.35,CONTAINS
Ezekiel,Ezekiel.36,CONTAINS
Ezekiel,Ezekiel.37,CONTAINS
Ezekiel,Ezekiel.38,CONTAINS
Ezekiel,Ezekiel.39,CONTAINS
Ezekiel,Ezekiel.40,CONTAINS
Ezekiel,Ezekiel.41,CONTAINS
Ezekiel,Ezekiel.42,CONTAINS
Ezekiel,Ezekiel.43,CONTAINS
Ezekiel,Ezekiel.44,CONTAINS
Ezekiel,Ezekiel.45,CONTAINS
Ezekiel,Ezekiel.46,CONTAINS
Ezekiel,Ezekiel.47,CONTAINS
Ezekiel,Ezekiel.48,CONTAINS
Ezra,Ezra.1,CONTAINS
Ezra,Ezra.2,CONTAINS
Ezra,Ezra.3,CONTAINS
Ezra,Ezra.4,CONTAINS
Ezra,Ezra.5,CONTAINS
Ezra,Ezra.6,CONTAINS
Ezra,Ezra.7,CONTAINS
Ezra,Ezra.8,CONTAINS
Ezra,Ezra.9,CONTAINS
Ezra,Ezra.10,CONTAINS
Galatians,Galatians.1,CONTAINS
Galatians,Galatians.2,CONTAINS
Galatians,Galatians.3,CONTAINS
Galatians,Galatians.4,CONTAINS
Galatians,Galatians.5,CONTAINS
Galatians,Galatians.6,CONTAINS
Genesis,Genesis.1,CONTAINS
Genesis,Genesis.2,CONTAINS
Genesis,Genesis.3,CONTAINS
Genesis,Genesis.4,CONTAINS
Genesis,Genesis.5,CONTAINS
Genesis,Genesis.6,CONTAINS
Genesis,Genesis.7,CONTAINS
Genesis,Genesis.8,CONTAINS
Genesis,Genesis.9,CONTAINS
Genesis,Genesis.10,CONTAINS
Genesis,Genesis.11,CONTAINS
Genesis,Genesis.12,CONTAINS
Genesis,Genesis.13,CONTAINS
Genesis,Genesis.14,CONTAINS
Genesis,Genesis.15,CONTAINS
Genesis,Genesis.16,CONTAINS
Genesis,Genesis.17,CONTAINS
Genesis,Genesis.18,CONTAINS
Genesis,Genesis.19,CONTAINS
Genesis,Genesis.20,CONTAINS
Genesis,Genesis.21,CONTAINS
Genesis,Genesis.22,CONTAINS
Genesis,Genesis.23,CONTAINS
Genesis,Genesis.24,CONTAINS
Genesis,Genesis.25,CONTAINS
Genesis,Genesis.26,CONTAINS
Genesis,Genesis.27,CONTAINS
Genesis,Genesis.28,CONTAINS
Genesis,Genesis.29,CONTAINS
Genesis,Genesis.30,CONTAINS
Genesis,Genesis.31,CONTAINS
Genesis,Genesis.32,CONTAINS
Genesis,Genesis.33,CONTAINS
Genesis,Genesis.34,CONTAINS
Genesis,Genesis.35,CONTAINS
Genesis,Genesis.36,CONTAINS
Genesis,Genesis.37,CONTAINS
Genesis,Genesis.38,CONTAINS
Genesis,Genesis.39,CONTAINS
Genesis,Genesis.40,CONTAINS
Genesis,Genesis.41,CONTAINS
Genesis,Genesis.42,CONTAINS
Genesis,Genesis.43,CONTAINS
Genesis,Genesis.44,CONTAINS
Genesis,Genesis.45,CONTAINS
Genesis,Genesis.46,CONTAINS
Genesis,Genesis.47,CONTAINS
Genesis,Genesis.48,CONTAINS
Genesis,Genesis.49,CONTAINS
Genesis,Genesis.50,CONTAINS
Habakkuk,Habakkuk.1,CONTAINS
Habakkuk,Habakkuk.2,CONTAINS
Habakkuk,Habakkuk.3,CONTAINS
Haggai,Haggai.1,CONTAINS
Haggai,Haggai.2,CONTAINS
Hebrews,Hebrews.1,CONTAINS
Hebrews,Hebrews.2,CONTAINS
Hebrews,Hebrews.3,CONTAINS
Hebrews,Hebrews.4,CONTAINS
Hebrews,Hebrews.5,CONTAINS
Hebrews,Hebrews.6,CONTAINS
Hebrews,Hebrews.7,CONTAINS
Hebrews,Hebrews.8,CONTAINS
Hebrews,Hebrews.9,CONTAINS
Hebrews,Hebrews.10,CONTAINS
Hebrews,Hebrews.11,CONTAINS
Hebrews,Hebrews.12,CONTAINS
Hebrews,Hebrews.13,CONTAINS
Hosea,Hosea.1,CONTAINS
Hosea,Hosea.2,CONTAINS
Hosea,Hosea.3,CONTAINS
Hosea,Hosea.4,CONTAINS
Hosea,Hosea.5,CONTAINS
Hosea,Hosea.6,CONTAINS
Hosea,Hosea.7,CONTAINS
Hosea,Hosea.8,CONTAINS
Hosea,Hosea.9,CONTAINS
Hosea,Hosea.10,CONTAINS
Hosea,Hosea.11,CONTAINS
Hosea,Hosea.12,CONTAINS
Hosea,Hosea.13,CONTAINS
Hosea,Hosea.14,CONTAINS
Isaiah,Isaiah.1,CONTAINS
Isaiah,Isaiah.2,CONTAINS
Isaiah,Isaiah.3,CONTAINS
Isaiah,Isaiah.4,CONTAINS
Isaiah,Isaiah.5,CONTAINS
Isaiah,Isaiah.6,CONTAINS
Isaiah,Isaiah.7,CONTAINS
Isaiah,Isaiah.8,CONTAINS
Isaiah,Isaiah.9,CONTAINS
Isaiah,Isaiah.10,CONTAINS
Isaiah,Isaiah.11,CONTAINS
Isaiah,Isaiah.12,CONTAINS
Isaiah,Isaiah.13,CONTAINS
Isaiah,Isaiah.14,CONTAINS
Isaiah,Isaiah.15,CONTAINS
Isaiah,Isaiah.16,CONTAINS
Isaiah,Isaiah.17,CONTAINS
Isaiah,Isaiah.18,CONTAINS
Isaiah,Isaiah.19,CONTAINS
Isaiah,Isaiah.20,CONTAINS
Isaiah,Isaiah.21,CONTAINS
Isaiah,Isaiah.22,CONTAINS
Isaiah,Isaiah.23,CONTAINS
Isaiah,Isaiah.24,CONTAINS
Isaiah,Isaiah.25,CONTAINS
Isaiah,Isaiah.26,CONTAINS
Isaiah,Isaiah.27,CONTAINS
Isaiah,Isaiah.28,CONTAINS
Isaiah,Isaiah.29,CONTAINS
Isaiah,Isaiah.30,CONTAINS
Isaiah,Isaiah.31,CONTAINS
Isaiah,Isaiah.32,CONTAINS
Isaiah,Isaiah.33,CONTAINS
Isaiah,Isaiah.34,CONTAINS
Isaiah,Isaiah.35,CONTAINS
Isaiah,Isaiah.36,CONTAINS
Isaiah,Isaiah.37,CONTAINS
Isaiah,Isaiah.38,CONTAINS
Isaiah,Isaiah.39,CONTAINS
Isaiah,Isaiah.40,CONTAINS
Isaiah,Isaiah.41,CONTAINS
Isaiah,Isaiah.42,CONTAINS
Isaiah,Isaiah.43,CONTAINS
Isaiah,Isaiah.44,CONTAINS
Isaiah,Isaiah.45,CONTAINS
Isaiah,Isaiah.46,CONTAINS
Isaiah,Isaiah.47,CONTAINS
Isaiah,Isaiah.48,CONTAINS
Isaiah,Isaiah.49,CONTAINS
Isaiah,Isaiah.50,CONTAINS
Isaiah,Isaiah.51,CONTAINS
Isaiah,Isaiah.52,CONTAINS
Isaiah,Isaiah.53,CONTAINS
Isaiah,Isaiah.54,CONTAINS
Isaiah,Isaiah.55,CONTAINS
Isaiah,Isaiah.56,CONTAINS
Isaiah,Isaiah.57,CONTAINS
Isaiah,Isaiah.58,CONTAINS
Isaiah,Isaiah.59,CONTAINS
Isaiah,Isaiah.60,CONTAINS
Isaiah,Isaiah.61,CONTAINS
Isaiah,Isaiah.62,CONTAINS
Isaiah,Isaiah.63,CONTAINS
Isaiah,Isaiah.64,CONTAINS
Isaiah,Isaiah.65,CONTAINS
Isaiah,Isaiah.66,CONTAINS
James,James.1,CONTAINS
James,James.2,CONTAINS
James,James.3,CONTAINS
James,James.4,CONTAINS
James,James.5,CONTAINS
Jeremiah,Jeremiah.1,CONTAINS
Jeremiah,Jeremiah.2,CONTAINS
Jeremiah,Jeremiah.3,CONTAINS
Jeremiah,Jeremiah.4,CONTAINS
Jeremiah,Jeremiah.5,CONTAINS
Jeremiah,Jeremiah.6,CONTAINS
Jeremiah,Jeremiah.7,CONTAINS
Jeremiah,Jeremiah.8,CONTAINS
Jeremiah,Jeremiah.9,CONTAINS
Jeremiah,Jeremiah.10,CONTAINS
Jeremiah,Jeremiah.11,CONTAINS
Jeremiah,Jeremiah.12,CONTAINS
Jeremiah,Jeremiah.13,CONTAINS
Jeremiah,Jeremiah.14,CONTAINS
Jeremiah,Jeremiah.15,CONTAINS
Jeremiah,Jeremiah.16,CONTAINS
Jeremiah,Jeremiah.17,CONTAINS
Jeremiah,Jeremiah.18,CONTAINS
Jeremiah,Jeremiah.19,CONTAINS
Jeremiah,Jeremiah.20,CONTAINS
Jeremiah,Jeremiah.21,CONTAINS
Jeremiah,Jeremiah.22,CONTAINS
Jeremiah,Jeremiah.23,CONTAINS
Jeremiah,Jeremiah.24,CONTAINS
Jeremiah,Jeremiah.25,CONTAINS
Jeremiah,Jeremiah.26,CONTAINS
Jeremiah,Jeremiah.27,CONTAINS
Jeremiah,Jeremiah.28,CONTAINS
Jeremiah,Jeremiah.29,CONTAINS
Jeremiah,Jeremiah.30,CONTAINS
Jeremiah,Jeremiah.31,CONTAINS
Jeremiah,Jeremiah.32,CONTAINS
Jeremiah,Jeremiah.33,CONTAINS
Jeremiah,Jeremiah.34,CONTAINS
Jeremiah,Jeremiah.35,CONTAINS
Jeremiah,Jeremiah.36,CONTAINS
Jeremiah,Jeremiah.37,CONTAINS
Jeremiah,Jeremiah.38,CONTAINS
Jeremiah,Jeremiah.39,CONTAINS
Jeremiah,Jeremiah.40,CONTAINS
Jeremiah,Jeremiah.41,CONTAINS
Jeremiah,Jeremiah.42,CONTAINS
Jeremiah,Jeremiah.43,CONTAINS
Jeremiah,Jeremiah.44,CONTAINS
Jeremiah,Jeremiah.45,CONTAINS
Jeremiah,Jeremiah.46,CONTAINS
Jeremiah,Jeremiah.47,CONTAINS
Jeremiah,Jeremiah.48,CONTAINS
Jeremiah,Jeremiah.49,CONTAINS
Jeremiah,Jeremiah.50,CONTAINS
Jeremiah,Jeremiah.51,CONTAINS
Jeremiah,Jeremiah.52,CONTAINS
Job,Job.1,CONTAINS
Job,Job.2,CONTAINS
Job,Job.3,CONTAINS
Job,Job.4,CONTAINS
Job,Job.5,CONTAINS
Job,Job.6,CONTAINS
Job,Job.7,CONTAINS
Job,Job.8,CONTAINS
Job,Job.9,CONTAINS
Job,Job.10,CONTAINS
Job,Job.11,CONTAINS
Job,Job.12,CONTAINS
Job,Job.13,CONTAINS
Job,Job.14,CONTAINS
Job,Job.15,CONTAINS
Job,Job.16,CONTAINS
Job,Job.17,CONTAINS
Job,Job.18,CONTAINS
Job,Job.19,CONTAINS
Job,Job.20,CONTAINS
Job,Job.21,CONTAINS
Job,Job.22,CONTAINS
Job,Job.23,CONTAINS
Job,Job.24,CONTAINS
Job,Job.25,CONTAINS
Job,Job.26,CONTAINS
Job,Job.27,CONTAINS
Job,Job.28,CONTAINS
Job,Job.29,CONTAINS
Job,Job.30,CONTAINS
Job,Job.31,CONTAINS
Job,Job.32,CONTAINS
Job,Job.33,CONTAINS
Job,Job.34,CONTAINS
Job,Job.35,CONTAINS
Job,Job.36,CONTAINS
Job,Job.37,CONTAINS
Job,Job.38,CONTAINS
Job,Job.39,CONTAINS
Job,Job.40,CONTAINS
Job,Job.41,CONTAINS
Job,Job.42,CONTAINS
Joel,Joel.1,CONTAINS
Joel,Joel.2,CONTAINS
Joel,Joel.3,CONTAINS
John,John.1,CONTAINS
John,John.2,CONTAINS
John,John.3,CONTAINS
John,John.4,CONTAINS
John,John.5,CONTAINS
John,John.6,CONTAINS
John,John.7,CONTAINS
John,John.8,CONTAINS
John,John.9,CONTAINS
John,John.10,CONTAINS
John,John.11,CONTAINS
John,John.12,CONTAINS
John,John.13,CONTAINS
John,John.14,CONTAINS
John,John.15,CONTAINS
John,John.16,CONTAINS
John,John.17,CONTAINS
John,John.18,CONTAINS
John,John.19,CONTAINS
John,John.20,CONTAINS
John,John.21,CONTAINS
Jonah,Jonah.1,CONTAINS
Jonah,Jonah.2,CONTAINS
Jonah,Jonah.3,CONTAINS
Jonah,Jonah.4,CONTAINS
Joshua,Joshua.1,CONTAINS
Joshua,Joshua.2,CONTAINS
Joshua,Joshua.3,CONTAINS
Joshua,Joshua.4,CONTAINS
Joshua,Joshua.5,CONTAINS
Joshua,Joshua.6,CONTAINS
Joshua,Joshua.7,CONTAINS
Joshua,Joshua.8,CONTAINS
Joshua,Joshua.9,CONTAINS
Joshua,Joshua.10,CONTAINS
Joshua,Joshua.11,CONTAINS
Joshua,Joshua.12,CONTAINS
Joshua,Joshua.13,CONTAINS
Joshua,Joshua.14,CONTAINS
Joshua,Joshua.15,CONTAINS
Joshua,Joshua.16,CONTAINS
Joshua,Joshua.17,CONTAINS
Joshua,Joshua.18,CONTAINS
Joshua,Joshua.19,CONTAINS
Joshua,Joshua.20,CONTAINS
Joshua,Joshua.21,CONTAINS
Joshua,Joshua.22,CONTAINS
Joshua,Joshua.23,CONTAINS
Joshua,Joshua.24,CONTAINS
Jude,Jude.1,CONTAINS
Judges,Judges.1,CONTAINS
Judges,Judges.2,CONTAINS
Judges,Judges.3,CONTAINS
Judges,Judges.4,CONTAINS
Judges,Judges.5,CONTAINS
Judges,Judges.6,CONTAINS
Judges,Judges.7,CONTAINS
Judges,Judges.8,CONTAINS
Judges,Judges.9,CONTAINS
Judges,Judges.10,CONTAINS
Judges,Judges.11,CONTAINS
Judges,Judges.12,CONTAINS
Judges,Judges.13,CONTAINS
Judges,Judges.14,CONTAINS
Judges,Judges.15,CONTAINS
Judges,Judges.16,CONTAINS
Judges,Judges.17,CONTAINS
Judges,Judges.18,CONTAINS
Judges,Judges.19,CONTAINS
Judges,Judges.20,CONTAINS
Judges,Judges.21,CONTAINS
Lamentations,Lamentations.1,CONTAINS
Lamentations,Lamentations.2,CONTAINS
Lamentations,Lamentations.3,CONTAINS
Lamentations,Lamentations.4,CONTAINS
Lamentations,Lamentations.5,CONTAINS
Leviticus,Leviticus.1,CONTAINS
Leviticus,Leviticus.2,CONTAINS
Leviticus,Leviticus.3,CONTAINS
Leviticus,Leviticus.4,CONTAINS
Leviticus,Leviticus.5,CONTAINS
Leviticus,Leviticus.6,CONTAINS
Leviticus,Leviticus.7,CONTAINS
Leviticus,Leviticus.8,CONTAINS
Leviticus,Leviticus.9,CONTAINS
Leviticus,Leviticus.10,CONTAINS
Leviticus,Leviticus.11,CONTAINS
Leviticus,Leviticus.12,CONTAINS
Leviticus,Leviticus.13,CONTAINS
Leviticus,Leviticus.14,CONTAINS
Leviticus,Leviticus.15,CONTAINS
Leviticus,Leviticus.16,CONTAINS
Leviticus,Leviticus.17,CONTAINS
Leviticus,Leviticus.18,CONTAINS
Leviticus,Leviticus.19,CONTAINS
Leviticus,Leviticus.20,CONTAINS
Leviticus,Leviticus.21,CONTAINS
Leviticus,Leviticus.22,CONTAINS
Leviticus,Leviticus.23,CONTAINS
Leviticus,Leviticus.24,CONTAINS
Leviticus,Leviticus.25,CONTAINS
Leviticus,Leviticus.26,CONTAINS
Leviticus,Leviticus.27,CONTAINS
Luke,Luke.1,CONTAINS
Luke,Luke.2,CONTAINS
Luke,Luke.3,CONTAINS
Luke,Luke.4,CONTAINS
Luke,Luke.5,CONTAINS
Luke,Luke.6,CONTAINS
Luke,Luke.7,CONTAINS
Luke,Luke.8,CONTAINS
Luke,Luke.9,CONTAINS
Luke,Luke.10,CONTAINS
Luke,Luke.11,CONTAINS
Luke,Luke.12,CONTAINS
Luke,Luke.13,CONTAINS
Luke,Luke.14,CONTAINS
Luke,Luke.15,CONTAINS
Luke,Luke.16,CONTAINS
Luke,Luke.17,CONTAINS
Luke,Luke.18,CONTAINS
Luke,Luke.19,CONTAINS
Luke,Luke.20,CONTAINS
Luke,Luke.21,CONTAINS
Luke,Luke.22,CONTAINS
Luke,Luke.23,CONTAINS
Luke,Luke.24,CONTAINS
Malachi,Malachi.1,CONTAINS
Malachi,Malachi.2,CONTAINS
Malachi,Malachi.3,CONTAINS
Malachi,Malachi.4,CONTAINS
Mark,Mark.1,CONTAINS
Mark,Mark.2,CONTAINS
Mark,Mark.3,CONTAINS
Mark,Mark.4,CONTAINS
Mark,Mark.5,CONTAINS
Mark,Mark.6,CONTAINS
Mark,Mark.7,CONTAINS
Mark,Mark.8,CONTAINS
Mark,Mark.9,CONTAINS
Mark,Mark.10,CONTAINS
Mark,Mark.11,CONTAINS
Mark,Mark.12,CONTAINS
Mark,Mark.13,CONTAINS
Mark,Mark.14,CONTAINS
Mark,Mark.15,CONTAINS
Mark,Mark.16,CONTAINS
Matthew,Matthew.1,CONTAINS
Matthew,Matthew.2,CONTAINS
Matthew,Matthew.3,CONTAINS
Matthew,Matthew.4,CONTAINS
Matthew,Matthew.5,CONTAINS
Matthew,Matthew.6,CONTAINS
Matthew,Matthew.7,CONTAINS
Matthew,Matthew.8,CONTAINS
Matthew,Matthew.9,CONTAINS
Matthew,Matthew.10,CONTAINS
Matthew,Matthew.11,CONTAINS
Matthew,Matthew.12,CONTAINS
Matthew,Matthew.13,CONTAINS
Matthew,Matthew.14,CONTAINS
Matthew,Matthew.15,CONTAINS
Matthew,Matthew.16,CONTAINS
Matthew,Matthew.17,CONTAINS
Matthew,Matthew.18,CONTAINS
Matthew,Matthew.19,CONTAINS
Matthew,Matthew.20,CONTAINS
Matthew,Matthew.21,CONTAINS
Matthew,Matthew.22,CONTAINS
Matthew,Matthew.23,CONTAINS
Matthew,Matthew.24,CONTAINS
Matthew,Matthew.25,CONTAINS
Matthew,Matthew.26,CONTAINS
Matthew,Matthew.27,CONTAINS
Matthew,Matthew.28,CONTAINS
Micah,Micah.1,CONTAINS
Micah,Micah.2,CONTAINS
Micah,Micah.3,CONTAINS
Micah,Micah.4,CONTAINS
Micah,Micah.5,CONTAINS
Micah,Micah.6,CONTAINS
Micah,Micah.7,CONTAINS
Nahum,Nahum.1,CONTAINS
Nahum,Nahum.2,CONTAINS
Nahum,Nahum.3,CONTAINS
Nehemiah,Nehemiah.1,CONTAINS
Nehemiah,Nehemiah.2,CONTAINS
Nehemiah,Nehemiah.3,CONTAINS
Nehemiah,Nehemiah.4,CONTAINS
Nehemiah,Nehemiah.5,CONTAINS
Nehemiah,Nehemiah.6,CONTAINS
Nehemiah,Nehemiah.7,CONTAINS
Nehemiah,Nehemiah.8,CONTAINS
Nehemiah,Nehemiah.9,CONTAINS
Nehemiah,Nehemiah.10,CONTAINS
Nehemiah,Nehemiah.11,CONTAINS
Nehemiah,Nehemiah.12,CONTAINS
Nehemiah,Nehemiah.13,CONTAINS
Numbers,Numbers.1,CONTAINS
Numbers,Numbers.2,CONTAINS
Numbers,Numbers.3,CONTAINS
Numbers,Numbers.4,CONTAINS
Numbers,Numbers.5,CONTAINS
Numbers,Numbers.6,CONTAINS
Numbers,Numbers.7,CONTAINS
Numbers,Numbers.8,CONTAINS
Numbers,Numbers.9,CONTAINS
Numbers,Numbers.10,CONTAINS
Numbers,Numbers.11,CONTAINS
Numbers,Numbers.12,CONTAINS
Numbers,Numbers.13,CONTAINS
Numbers,Numbers.14,CONTAINS
Numbers,Numbers.15,CONTAINS
Numbers,Numbers.16,CONTAINS
Numbers,Numbers.17,CONTAINS
Numbers,Numbers.18,CONTAINS
Numbers,Numbers.19,CONTAINS
Numbers,Numbers.20,CONTAINS
Numbers,Numbers.21,CONTAINS
Numbers,Numbers.22,CONTAINS
Numbers,Numbers.23,CONTAINS
Numbers,Numbers.24,CONTAINS
Numbers,Numbers.25,CONTAINS
Numbers,Numbers.26,CONTAINS
Numbers,Numbers.27,CONTAINS
Numbers,Numbers.28,CONTAINS
Numbers,Numbers.29,CONTAINS
Numbers,Numbers.30,CONTAINS
Numbers,Numbers.31,CONTAINS
Numbers,Numbers.32,CONTAINS
Numbers,Numbers.33,CONTAINS
Numbers,Numbers.34,CONTAINS
Numbers,Numbers.35,CONTAINS
Numbers,Numbers.36,CONTAINS
Obadiah,Obadiah.1,CONTAINS
Philemon,Philemon.1,CONTAINS
Philippians,Philippians.1,CONTAINS
Philippians,Philippians.2,CONTAINS
Philippians,Philippians.3,CONTAINS
Philippians,Philippians.4,CONTAINS
Proverbs,Proverbs.1,CONTAINS
Proverbs,Proverbs.2,CONTAINS
Proverbs,Proverbs.3,CONTAINS
Proverbs,Proverbs.4,CONTAINS
Proverbs,Proverbs.5,CONTAINS
Proverbs,Proverbs.6,CONTAINS
Proverbs,Proverbs.7,CONTAINS
Proverbs,Proverbs.8,CONTAINS
Proverbs,Proverbs.9,CONTAINS
Proverbs,Proverbs.10,CONTAINS
Proverbs,Proverbs.11,CONTAINS
Proverbs,Proverbs.12,CONTAINS
Proverbs,Proverbs.13,CONTAINS
Proverbs,Proverbs.14,CONTAINS
Proverbs,Proverbs.15,CONTAINS
Proverbs,Proverbs.16,CONTAINS
Proverbs,Proverbs.17,CONTAINS
Proverbs,Proverbs.18,CONTAINS
Proverbs,Proverbs.19,CONTAINS
Proverbs,Proverbs.20,CONTAINS
Proverbs,Proverbs.21,CONTAINS
Proverbs,Proverbs.22,CONTAINS
Proverbs,Proverbs.23,CONTAINS
Proverbs,Proverbs.24,CONTAINS
Proverbs,Proverbs.25,CONTAINS
Proverbs,Proverbs.26,CONTAINS
Proverbs,Proverbs.27,CONTAINS
Proverbs,Proverbs.28,CONTAINS
Proverbs,Proverbs.29,CONTAINS
Proverbs,Proverbs.30,CONTAINS
Proverbs,Proverbs.31,CONTAINS
Psalm,Psalm.1,CONTAINS
Psalm,Psalm.2,CONTAINS
Psalm,Psalm.3,CONTAINS
Psalm,Psalm.4,CONTAINS
Psalm,Psalm.5,CONTAINS
Psalm,Psalm.6,CONTAINS
Psalm,Psalm.7,CONTAINS
Psalm,Psalm.8,CONTAINS
Psalm,Psalm.9,CONTAINS
Psalm,Psalm.10,CONTAINS
Psalm,Psalm.11,CONTAINS
Psalm,Psalm.12,CONTAINS
Psalm,Psalm.13,CONTAINS
Psalm,Psalm.14,CONTAINS
Psalm,Psalm.15,CONTAINS
Psalm,Psalm.16,CONTAINS
Psalm,Psalm.17,CONTAINS
Psalm,Psalm.18,CONTAINS
Psalm,Psalm.19,CONTAINS
Psalm,Psalm.20,CONTAINS
Psalm,Psalm.21,CONTAINS
Psalm,Psalm.22,CONTAINS
Psalm,Psalm.23,CONTAINS
Psalm,Psalm.24,CONTAINS
Psalm,Psalm.25,CONTAINS
Psalm,Psalm.26,CONTAINS
Psalm,Psalm.27,CONTAINS
Psalm,Psalm.28,CONTAINS
Psalm,Psalm.29,CONTAINS
Psalm,Psalm.30,CONTAINS
Psalm,Psalm.31,CONTAINS
Psalm,Psalm.32,CONTAINS
Psalm,Psalm.33,CONTAINS
Psalm,Psalm.34,CONTAINS
Psalm,Psalm.35,CONTAINS
Psalm,Psalm.36,CONTAINS
Psalm,Psalm.37,CONTAINS
Psalm,Psalm.38,CONTAINS
Psalm,Psalm.39,CONTAINS
Psalm,Psalm.40,CONTAINS
Psalm,Psalm.41,CONTAINS
Psalm,Psalm.42,CONTAINS
Psalm,Psalm.43,CONTAINS
Psalm,Psalm.44,CONTAINS
Psalm,Psalm.45,CONTAINS
Psalm,Psalm.46,CONTAINS
Psalm,Psalm.47,CONTAINS
Psalm,Psalm.48,CONTAINS
Psalm,Psalm.49,CONTAINS
Psalm,Psalm.50,CONTAINS
Psalm,Psalm.51,CONTAINS
Psalm,Psalm.52,CONTAINS
Psalm,Psalm.53,CONTAINS
Psalm,Psalm.54,CONTAINS
Psalm,Psalm.55,CONTAINS
Psalm,Psalm.56,CONTAINS
Psalm,Psalm.57,CONTAINS
Psalm,Psalm.58,CONTAINS
Psalm,Psalm.59,CONTAINS
Psalm,Psalm.60,CONTAINS
Psalm,Psalm.61,CONTAINS
Psalm,Psalm.62,CONTAINS
Psalm,Psalm.63,CONTAINS
Psalm,Psalm.64,CONTAINS
Psalm,Psalm.65,CONTAINS
Psalm,Psalm.66,CONTAINS
Psalm,Psalm.67,CONTAINS
Psalm,Psalm.68,CONTAINS
Psalm,Psalm.69,CONTAINS
Psalm,Psalm.70,CONTAINS
Psalm,Psalm.71,CONTAINS
Psalm,Psalm.72,CONTAINS
Psalm,Psalm.73,CONTAINS
Psalm,Psalm.74,CONTAINS
Psalm,Psalm.75,CONTAINS
Psalm,Psalm.76,CONTAINS
Psalm,Psalm.77,CONTAINS
Psalm,Psalm.78,CONTAINS
Psalm,Psalm.79,CONTAINS
Psalm,Psalm.80,CONTAINS
Psalm,Psalm.81,CONTAINS
Psalm,Psalm.82,CONTAINS
Psalm,Psalm.83,CONTAINS
Psalm,Psalm.84,CONTAINS
Psalm,Psalm.85,CONTAINS
Psalm,Psalm.86,CONTAINS
Psalm,Psalm.87,CONTAINS
Psalm,Psalm.88,CONTAINS
Psalm,Psalm.89,CONTAINS
Psalm,Psalm.90,CONTAINS
Psalm,Psalm.91,CONTAINS
Psalm,Psalm.92,CONTAINS
Psalm,Psalm.93,CONTAINS
Psalm,Psalm.94,CONTAINS
Psalm,Psalm.95,CONTAINS
Psalm,Psalm.96,CONTAINS
Psalm,Psalm.97,CONTAINS
Psalm,Psalm.98,CONTAINS
Psalm,Psalm.99,CONTAINS
Psalm,Psalm.100,CONTAINS
Psalm,Psalm.101,CONTAINS
Psalm,Psalm.102,CONTAINS
Psalm,Psalm.103,CONTAINS
Psalm,Psalm.104,CONTAINS
Psalm,Psalm.105,CONTAINS
Psalm,Psalm.106,CONTAINS
Psalm,Psalm.107,CONTAINS
Psalm,Psalm.108,CONTAINS
Psalm,Psalm.109,CONTAINS
Psalm,Psalm.110,CONTAINS
Psalm,Psalm.111,CONTAINS
Psalm,Psalm.112,CONTAINS
Psalm,Psalm.113,CONTAINS
Psalm,Psalm.114,CONTAINS
Psalm,Psalm.115,CONTAINS
Psalm,Psalm.116,CONTAINS
Psalm,Psalm.117,CONTAINS
Psalm,Psalm.118,CONTAINS
Psalm,Psalm.119,CONTAINS
Psalm,Psalm.120,CONTAINS
Psalm,Psalm.121,CONTAINS
Psalm,Psalm.122,CONTAINS
Psalm,Psalm.123,CONTAINS
Psalm,Psalm.124,CONTAINS
Psalm,Psalm.125,CONTAINS
Psalm,Psalm.126,CONTAINS
Psalm,Psalm.127,CONTAINS
Psalm,Psalm.128,CONTAINS
Psalm,Psalm.129,CONTAINS
Psalm,Psalm.130,CONTAINS
Psalm,Psalm.131,CONTAINS
Psalm,Psalm.132,CONTAINS
Psalm,Psalm.133,CONTAINS
Psalm,Psalm.134,CONTAINS
Psalm,Psalm.135,CONTAINS
Psalm,Psalm.136,CONTAINS
Psalm,Psalm.137,CONTAINS
Psalm,Psalm.138,CONTAINS
Psalm,Psalm.139,CONTAINS
Psalm,Psalm.140,CONTAINS
Psalm,Psalm.141,CONTAINS
Psalm,Psalm.142,CONTAINS
Psalm,Psalm.143,CONTAINS
Psalm,Psalm.144,CONTAINS
Psalm,Psalm.145,CONTAINS
Psalm,Psalm.146,CONTAINS
Psalm,Psalm.147,CONTAINS
Psalm,Psalm.148,CONTAINS
Psalm,Psalm.149,CONTAINS
Psalm,Psalm.150,CONTAINS
Revelation,Revelation.1,CONTAINS
Revelation,Revelation.2,CONTAINS
Revelation,Revelation.3,CONTAINS
Revelation,Revelation.4,CONTAINS
Revelation,Revelation.5,CONTAINS
Revelation,Revelation.6,CONTAINS
Revelation,Revelation.7,CONTAINS
Revelation,Revelation.8,CONTAINS
Revelation,Revelation.9,CONTAINS
Revelation,Revelation.10,CONTAINS
Revelation,Revelation.11,CONTAINS
Revelation,Revelation.12,CONTAINS
Revelation,Revelation.13,CONTAINS
Revelation,Revelation.14,CONTAINS
Revelation,Revelation.15,CONTAINS
Revelation,Revelation.16,CONTAINS
Revelation,Revelation.17,CONTAINS
Revelation,Revelation.18,CONTAINS
Revelation,Revelation.19,CONTAINS
Revelation,Revelation.20,CONTAINS
Revelation,Revelation.21,CONTAINS
Revelation,Revelation.22,CONTAINS
Romans,Romans.1,CONTAINS
Romans,Romans.2,CONTAINS
Romans,Romans.3,CONTAINS
Romans,Romans.4,CONTAINS
Romans,Romans.5,CONTAINS
Romans,Romans.6,CONTAINS
Romans,Romans.7,CONTAINS
Romans,Romans.8,CONTAINS
Romans,Romans.9,CONTAINS
Romans,Romans.10,CONTAINS
Romans,Romans.11,CONTAINS
Romans,Romans.12,CONTAINS
Romans,Romans.13,CONTAINS
Romans,Romans.14,CONTAINS
Romans,Romans.15,CONTAINS
Romans,Romans.16,CONTAINS
Ruth,Ruth.1,CONTAINS
Ruth,Ruth.2,CONTAINS
Ruth,Ruth.3,CONTAINS
Ruth,Ruth.4,CONTAINS
Song of Solomon,Song of Solomon.1,CONTAINS
Song of Solomon,Song of Solomon.2,CONTAINS
Song of Solomon,Song of Solomon.3,CONTAINS
Song of Solomon,Song of Solomon.4,CONTAINS
Song of Solomon,Song of Solomon.5,CONTAINS
Song of Solomon,Song of Solomon.6,CONTAINS
Song of Solomon,Song of Solomon.7,CONTAINS
Song of Solomon,Song of Solomon.8,CONTAINS
Titus,Titus.1,CONTAINS
Titus,Titus.2,CONTAINS
Titus,Titus.3,CONTAINS
Zechariah,Zechariah.1,CONTAINS
Zechariah,Zechariah.2,CONTAINS
Zechariah,Zechariah.3,CONTAINS
Zechariah,Zechariah.4,CONTAINS
Zechariah,Zechariah.5,CONTAINS
Zechariah,Zechariah.6,CONTAINS
Zechariah,Zechariah.7,CONTAINS
Zechariah,Zechariah.8,CONTAINS
Zechariah,Zechariah.9,CONTAINS
Zechariah,Zechariah.10,CONTAINS
Zechariah,Zechariah.11,CONTAINS
Zechariah,Zechariah.12,CONTAINS
Zechariah,Zechariah.13,CONTAINS
Zechariah,Zechariah.14,CONTAINS
Zephaniah,Zephaniah.1,CONTAINS
Zephaniah,Zephaniah.2,CONTAINS
Zephaniah,Zephaniah.3,CONTAINS
